{"output_token":910,"total_token":1034,"_timestamp":1.7408334055505528e+09,"_wandb":{"runtime":21514},"_runtime":21514.124809688,"_step":993,"sample_no":1000,"input_token":124}