{"_runtime":773.051303861,"_step":236,"sample_no":3237,"input_token":180,"output_token":562,"total_token":742,"_wandb":{"runtime":854},"_timestamp":1.7408352041348186e+09}