{"_timestamp":1.7408348260680368e+09,"_runtime":13.813565494,"_wandb":{"runtime":14},"_step":31,"sample_no":2032}