{"_step":14749,"sample_no":14749,"input_token":168,"set_name":"test","output_token":645,"total_token":813,"_timestamp":1.740310764109973e+09,"sample_id":"c8b58f4b-a735-41de-bd11-b165e6312c33-131806","_wandb":{"runtime":70772},"_runtime":70772.393460596}