{"input_token":130,"output_token":339,"total_token":469,"_timestamp":1.741163490731569e+09,"_runtime":19102.607446428,"_step":357,"_wandb":{"runtime":26626},"sample_no":7980}