{"input_token":187,"output_token":657,"total_token":844,"_timestamp":1.7412026814687276e+09,"_runtime":20168.167860515,"_step":382,"_wandb":{"runtime":35557},"sample_no":8383}