{"total_token":542,"_wandb":{"runtime":1465},"_timestamp":1.740974332583977e+09,"_runtime":1454.601003648,"_step":220,"sample_no":2729,"input_token":139,"output_token":403}