{"_step":1499,"sample_no":6000,"input_token":154,"output_token":462,"_wandb":{"runtime":21985},"total_token":616,"_timestamp":1.7408566286219592e+09,"_runtime":21985.956608879}