{"_wandb":{"runtime":1336},"sample_no":8000,"input_token":147,"output_token":301,"total_token":448,"_timestamp":1.7411723884394417e+09,"_runtime":1336.594170749,"_step":19}