{"_wandb":{"runtime":78},"sample_no":7501,"_timestamp":1.7410995887765813e+09,"_runtime":42.737671597,"_step":0}