{"input_token":138,"output_token":3019,"total_token":3157,"_timestamp":1.7409090596004872e+09,"_runtime":22973.897005964,"_step":507,"_wandb":{"runtime":22978},"sample_no":2508}