{"_step":999,"sample_no":2000,"input_token":139,"output_token":1223,"_wandb":{"runtime":22116},"total_token":1362,"_timestamp":1.7408339940746174e+09,"_runtime":22116.002800543}